id,className,a-index,inDeg,isKey?,OSE
1,org.apache.tools.ant.taskdefs.optional.ejb.WebsphereDeploymentTool.DBVendor,41.5,1,0,0.021943718
2,org.apache.tools.ant.taskdefs.optional.jdepend.JDependTask,142,0,2,0
3,org.apache.tools.ant.types.Assertions.DisabledAssertion,8,1,0,0.029142334
4,org.apache.tools.ant.taskdefs.ManifestException,8.2,6,0,2.225709165
5,org.apache.tools.ant.taskdefs.optional.junit.BaseTest,13.75,3,0,0.596350978
6,org.apache.tools.ant.taskdefs.optional.net.RExecTask.RExecSubTask,115.25,3,0,0.169778506
7,org.apache.tools.ant.types.EnumeratedAttribute,64.22222,70,0,17.90331076
8,org.apache.tools.ant.taskdefs.optional.junit.JUnitTask.SummaryAttribute,50,1,0,0.021265903
9,org.apache.tools.ant.util.RegexpPatternMapper,121.5,0,0,0
10,org.apache.tools.ant.taskdefs.optional.vss.MSVSSConstants,19,1,0,0.236512688
11,org.apache.tools.ant.taskdefs.XSLTProcess,148.81818,2,2,0.057947738
12,org.apache.tools.ant.taskdefs.optional.ide.VAJImport.LocalDirectoryScanner,40,1,0,0.021265903
13,org.apache.tools.ant.taskdefs.condition.Os,63.272728,16,2,2.936883086
14,org.apache.tools.ant.types.optional.image.BasicShape,7,3,0,0.097381517
15,org.apache.tools.ant.taskdefs.optional.ejb.IPlanetEjbc.EjbcException,5.75,4,0,0.683621069
16,org.apache.tools.ant.taskdefs.optional.vss.MSVSS.WritableFiles,26,3,0,0.412768944
17,org.apache.tools.ant.taskdefs.optional.metamata.AbstractMetamataTask,132.38461,4,0,0.600435769
18,org.apache.tools.ant.listener.AnsiColorLogger,175,0,0,0
19,org.apache.tools.ant.input.InputHandler,162.2,5,0,29.43654115
20,org.apache.tools.ant.taskdefs.Move,193.28572,1,0,0.013907675
21,org.apache.tools.ant.filters.util.JavaClassHelper,0,0,0,0
22,org.apache.tools.ant.taskdefs.optional.dotnet.Ildasm.VisibilityOptions,71,0,0,0
23,org.apache.tools.ant.DemuxInputStream,176,1,0,0.029193801
24,org.apache.tools.ant.taskdefs.optional.Script,314.75,0,0,0
25,org.apache.tools.ant.types.optional.depend.DependScanner,125.4,1,0,0.036589381
26,org.apache.tools.ant.AntTypeDefinition,139.33333,7,0,1.767876686
27,org.apache.tools.ant.taskdefs.optional.ide.VAJTask.VAJLocalToolUtil,92.333336,1,0,0.031499144
28,org.apache.tools.ant.filters.TokenFilter.FileTokenizer,77.25,2,0,0.059621784
29,org.apache.tools.mail.MailPrintStream,5,1,0,0.103391491
30,org.apache.tools.ant.taskdefs.Cvs,16,0,0,0
31,org.apache.tools.ant.util.DOMElementWriter,9.8,5,0,0.096014878
32,org.apache.tools.ant.types.PropertySet.PropertyRef,156,1,0,0.200193031
33,org.apache.tools.ant.types.FilterSetCollection,76.5,5,0,25.09082904
34,org.apache.tools.ant.taskdefs.MacroDef.TemplateElement,157,2,0,0.045878838
35,org.apache.tools.ant.taskdefs.Replace.NestedString,6,2,0,0.299718778
36,org.apache.tools.ant.taskdefs.optional.extension.Compatibility,8,2,0,1.375279927
37,org.apache.tools.ant.taskdefs.optional.depend.constantpool.MethodRefCPInfo,9.5,2,0,0.18581208
38,org.apache.tools.ant.taskdefs.MacroDef.MyAntTypeDefinition,120.333336,1,0,0.050858074
39,org.apache.tools.ant.taskdefs.optional.sitraka.Triggers,10.5,1,0,0.094771998
40,org.apache.tools.ant.taskdefs.optional.junit.PlainJUnitResultFormatter,119.25,0,0,0
41,org.apache.tools.ant.taskdefs.compilers.CompilerAdapterFactory,139.625,1,2,0.020105532
42,org.apache.tools.ant.taskdefs.optional.ejb.JbossDeploymentTool,207,1,0,0.047023355
43,org.apache.tools.ant.taskdefs.Definer.OnError,42.5,1,0,0.126676242
44,org.apache.tools.ant.taskdefs.optional.sitraka.ReportFilters.Include,6.3333335,2,0,0.086628467
45,org.apache.tools.ant.taskdefs.optional.Javah.ClassArgument,9,1,0,0.077567934
46,org.apache.tools.ant.taskdefs.Parallel.TaskList,181.25,1,0,0.044509884
47,org.apache.tools.ant.taskdefs.Echo,314.75,0,0,0
48,org.apache.tools.ant.taskdefs.Recorder.ActionChoices,39,1,0,0.021265903
49,org.apache.tools.ant.taskdefs.condition.IsReference,180,1,0,0.044617254
50,org.apache.tools.ant.taskdefs.Copydir,231.33333,0,0,0
51,org.apache.tools.ant.taskdefs.optional.ide.VAJToolsServlet,121.25,4,0,0.764826279
52,org.apache.tools.ant.taskdefs.optional.StyleBook,240.5,0,0,0
53,org.apache.tools.ant.taskdefs.ProcessDestroyer,68,2,0,0.676419395
54,org.apache.tools.ant.taskdefs.optional.sitraka.Coverage,138.41667,0,2,0
55,org.apache.tools.ant.taskdefs.optional.sitraka.bytecode.DirectoryFilter,6,1,0,0.016653856
56,org.apache.tools.ant.types.Commandline,52.625,69,2,83.73516216
57,org.apache.tools.ant.types.PatternSet,104.75,8,0,1.675926567
58,org.apache.tools.ant.taskdefs.StreamPumper,13,2,2,0.119471607
59,org.apache.tools.ant.taskdefs.optional.ejb.Ejbc,172.55556,0,0,0
60,org.apache.tools.ant.taskdefs.optional.sitraka.CovReport.ReportType,41.5,1,0,0.021931323
61,org.apache.tools.ant.taskdefs.optional.perforce.P4Add,179,0,0,0
62,org.apache.tools.ant.DemuxOutputStream.BufferInfo,3,1,0,0.127929045
63,org.apache.tools.ant.taskdefs.optional.ReplaceRegExp,164.44444,0,0,0
64,org.apache.tools.ant.taskdefs.optional.script.ScriptDef,133.25,1,0,0.077567934
65,org.apache.tools.ant.taskdefs.Jikes,213.75,0,0,0
66,org.apache.tools.bzip2.CBZip2OutputStream.StackElem,5,1,0,0.054471599
67,org.apache.tools.ant.taskdefs.Execute.VmsCommandLauncher,137.33333,1,0,0.124856827
68,org.apache.tools.ant.NoBannerLogger,17.666666,0,0,0
69,org.apache.tools.ant.types.selectors.PresentSelector.FilePresence,41.5,1,0,0.031534207
70,org.apache.tools.ant.util.IdentityMapper,16.666666,5,0,0.103925907
71,org.apache.tools.ant.taskdefs.optional.junit.XalanExecutor,264.33334,3,0,0.12921225
72,org.apache.tools.ant.taskdefs.optional.sitraka.Socket,19,1,0,0.06078792
73,org.apache.tools.ant.util.FileUtils,68,61,0,125.5034852
74,org.apache.tools.ant.taskdefs.optional.depend.constantpool.FloatCPInfo,10.5,1,0,0.109264184
75,org.apache.tools.ant.taskdefs.optional.depend.constantpool.InterfaceMethodRefCPInfo,9.5,2,0,0.18581208
76,org.apache.tools.ant.util.regexp.RegexpMatcher,83.166664,10,0,1.098383176
77,org.apache.tools.ant.taskdefs.optional.ide.VAJAntToolGUI.VAJBuildLogger,76.6,1,0,0.110911055
78,org.apache.tools.ant.taskdefs.optional.sos.SOS,172.66667,4,0,1.540414001
79,org.apache.tools.ant.taskdefs.MatchingTask,78.666664,28,2,3.547182562
80,org.apache.tools.tar.TarInputStream,7,1,0,0.036589381
81,org.apache.tools.ant.types.optional.image.Scale,49.4,2,0,0.098681697
82,org.apache.tools.ant.taskdefs.optional.depend.Depend,172.66667,0,2,0
83,org.apache.tools.bzip2.BZip2Constants,4.5,2,0,0.090638316
84,org.apache.tools.ant.taskdefs.rmic.DefaultRmicAdapter,117.666664,3,0,0.458980403
85,org.apache.tools.ant.types.selectors.SelectorContainer,50,3,0,0.225592076
86,org.apache.tools.ant.taskdefs.Unpack,314.75,2,0,0.045589926
87,org.apache.tools.ant.types.selectors.modifiedselector.ModifiedSelector.AlgorithmName,46,1,0,0.079562804
88,org.apache.tools.ant.taskdefs.Concat.TextElement,215.6,1,0,0.203912577
89,org.apache.tools.ant.types.PropertySet,102,8,0,0.637182071
90,org.apache.tools.ant.taskdefs.ManifestTask.Mode,40,1,0,0.06078792
91,org.apache.tools.ant.ComponentHelper.AntTypeTable,121.333336,1,0,0.31786587
92,org.apache.tools.ant.taskdefs.ExecuteOn,126.69231,4,2,0.245787356
93,org.apache.tools.ant.PropertyHelper,269,2,0,127.1767738
94,org.apache.tools.ant.util.optional.NoExitSecurityManager,3,0,0,0
95,org.apache.tools.ant.taskdefs.optional.junit.AggregateTransformer.Format,40.5,1,0,0.039113756
96,org.apache.tools.ant.taskdefs.optional.ejb.EJBDeploymentTool,151.4,2,0,0.250942504
97,org.apache.tools.ant.ProjectComponent,59.42857,213,2,531.5866841
98,org.apache.tools.ant.XmlLogger.TimedElement,10,1,0,0.232156502
99,org.apache.tools.ant.taskdefs.optional.sitraka.bytecode.DirectoryLoader,6.75,1,0,0.032311812
100,org.apache.tools.ant.taskdefs.Javadoc,129.14285,0,0,0
101,org.apache.tools.ant.taskdefs.email.Message,98.333336,5,0,0.807948507
102,org.apache.tools.ant.types.selectors.modifiedselector.PropertiesfileCache,11.5,1,0,0.033475935
103,org.apache.tools.ant.taskdefs.optional.j2ee.WebLogicHotDeploymentTool,174.66667,1,0,0.102307782
104,org.apache.tools.ant.taskdefs.optional.ide.VAJLocalUtil,133.25,4,0,0.149161088
105,org.apache.tools.ant.taskdefs.MacroDef.NestedSequential,77,1,0,0.152288963
106,org.apache.tools.ant.types.selectors.AndSelector,33.6,5,0,0.234730118
107,org.apache.tools.ant.taskdefs.optional.depend.ClassFileUtils,10.5,2,0,0.08974638
108,org.apache.tools.ant.ComponentHelper,115.6,9,0,137.6178635
109,org.apache.tools.ant.types.Permissions.MySM,5,1,0,0.06142772
110,org.apache.tools.ant.ProjectHelper,73.38461,19,1,2.16274941
111,org.apache.tools.ant.FileScanner,46.333332,3,0,0.375776021
112,org.apache.tools.ant.taskdefs.DependSet,163.88889,0,2,0
113,org.apache.tools.ant.util.CollectionUtils,6.5,2,0,0.180274444
114,org.apache.tools.ant.types.selectors.modifiedselector.HashvalueAlgorithm,3,0,0,0
115,org.apache.tools.ant.taskdefs.optional.perforce.FStatP4OutputHandler,211.8,1,0,0.095913375
116,org.apache.tools.ant.taskdefs.optional.starteam.TreeBasedTask,162.85715,4,0,1.881907528
117,org.apache.tools.ant.taskdefs.SQLExec.DelimiterType,40.5,1,0,0.052580529
118,org.apache.tools.ant.taskdefs.WaitFor.Unit,38.5,1,0,0.044509884
119,org.apache.tools.ant.types.optional.ScriptFilter,252,0,0,0
120,org.apache.tools.ant.taskdefs.optional.perforce.P4Change,205.8,0,0,0
121,org.apache.tools.ant.taskdefs.Javadoc.JavadocOutputStream,126.666664,1,0,0.077567934
122,org.apache.tools.ant.types.RegularExpression,112.25,5,0,0.93303305
123,org.apache.tools.ant.taskdefs.ManifestTask,188.16667,0,0,0
124,org.apache.tools.ant.input.DefaultInputHandler,161.8,2,0,13.05589723
125,org.apache.tools.ant.taskdefs.optional.ejb.DDCreator,172.55556,0,0,0
126,org.apache.tools.ant.taskdefs.email.MimeMailer.StringDataSource,6,1,0,0.021265903
127,org.apache.tools.ant.util.LazyFileOutputStream,13,1,0,0.139718858
128,org.apache.tools.ant.taskdefs.TempFile,265,0,0,0
129,org.apache.tools.ant.taskdefs.optional.clearcase.CCMkelem,203.14285,0,0,0
130,org.apache.tools.ant.taskdefs.Property,151.8,4,2,0.302304211
131,org.apache.tools.ant.taskdefs.optional.ide.VAJBuildInfo.InterruptedChecker,13.666667,1,0,0.094932422
132,org.apache.tools.ant.taskdefs.optional.NetRexxC,231.33333,0,2,0
133,org.apache.tools.ant.taskdefs.Mkdir,239.66667,1,0,0.013907675
134,org.apache.tools.ant.taskdefs.optional.ide.VAJBuildInfo.BuildInterruptedException,224.5,1,0,0.01546467
135,org.apache.tools.ant.types.Commandline.Marker,42.333332,2,0,17.07813429
136,org.apache.tools.ant.TaskContainer,49.285713,10,1,0.899936372
137,org.apache.tools.ant.taskdefs.optional.depend.Depend.ClassFileInfo,13,1,0,0.139244409
138,org.apache.tools.ant.taskdefs.Javadoc.AccessType,49,1,0,0.021265903
139,org.apache.tools.ant.TaskAdapter,265.25,2,0,6.537788121
140,org.apache.tools.ant.taskdefs.optional.EchoProperties,255.8,0,0,0
141,org.apache.tools.ant.taskdefs.GUnzip,237.66667,0,0,0
142,org.apache.tools.ant.helper.ProjectHelper2.TargetHandler,140,1,0,0.01613783
143,org.apache.tools.ant.taskdefs.optional.perforce.P4Revert,162.33333,0,0,0
144,org.apache.tools.ant.taskdefs.FixCRLF.OneLiner,153,2,0,0.201067051
145,org.apache.tools.ant.taskdefs.cvslib.CvsTagDiff,225.4,0,0,0
146,org.apache.tools.ant.types.FilterSet,174.83333,4,0,40.00990721
147,org.apache.tools.ant.types.selectors.FilenameSelector,62.22222,5,0,0.234730118
148,org.apache.tools.ant.DynamicConfigurator,120,4,0,0.1593117
149,org.apache.tools.ant.types.selectors.ContainsRegexpSelector,81.27273,5,0,0.234730118
150,org.apache.tools.ant.taskdefs.Execute,80.166664,49,0,11.21118089
151,org.apache.tools.ant.filters.TabsToSpaces,21,1,0,0.026994041
152,org.apache.tools.ant.taskdefs.optional.clearcase.CCRmtype,203.14285,0,0,0
153,org.apache.tools.ant.taskdefs.GenerateKey,191.71428,0,0,0
154,org.apache.tools.ant.taskdefs.optional.extension.ExtensionResolver,136.5,4,0,0.13536111
155,org.apache.tools.ant.taskdefs.optional.ejb.EjbJar.CMPVersion,46.5,1,0,0.022522638
156,org.apache.tools.ant.taskdefs.rmic.RmicAdapter,100.5,3,0,0.157457102
157,org.apache.tools.ant.taskdefs.optional.extension.Compatability,0,0,0,0
158,org.apache.tools.ant.taskdefs.optional.XMLValidateTask,149,0,2,0
159,org.apache.tools.ant.taskdefs.Tstamp,252.8,1,0,0.01987444
160,org.apache.tools.ant.taskdefs.PathConvert.TargetOs,41.5,1,0,0.044509884
161,org.apache.tools.ant.taskdefs.optional.perforce.P4Reopen,162.33333,0,0,0
162,org.apache.tools.ant.taskdefs.SQLExec.Transaction,174,1,0,0.06078792
163,org.apache.tools.ant.taskdefs.XmlProperty,236.83333,0,0,0
164,org.apache.tools.ant.types.Commandline.Argument,45.133335,30,0,45.44556187
165,org.apache.tools.ant.types.Environment.Variable,77.333336,9,0,1.089505026
166,org.apache.tools.ant.types.selectors.TypeSelector.FileType,39.5,1,0,0.124573541
167,org.apache.tools.ant.taskdefs.optional.sound.AntSoundPlayer,94,1,0,0.036589381
168,org.apache.tools.ant.taskdefs.optional.junit.BatchTest,101.8,1,0,0.077567934
169,org.apache.tools.ant.taskdefs.optional.EchoProperties.FormatAttribute,39.5,1,0,0.021265903
170,org.apache.tools.ant.taskdefs.MacroDef.Text,157,2,0,0.178756757
171,org.apache.tools.ant.taskdefs.optional.starteam.StarTeamCheckout,178.5,0,0,0
172,org.apache.tools.ant.types.Path.PathElement,55,2,0,11.38708711
173,org.apache.tools.ant.types.selectors.modifiedselector.ModifiedSelector.CacheName,46,1,0,0.079562804
174,org.apache.tools.ant.taskdefs.UpToDate,134.72728,1,2,0.044617254
175,org.apache.tools.ant.taskdefs.XSLTLiaison2,10.333333,1,0,0.028834893
176,org.apache.tools.ant.taskdefs.optional.ejb.WebsphereDeploymentTool,139,1,2,0.047023355
177,org.apache.tools.ant.taskdefs.optional.dotnet.ImportTypelib,226.2,0,0,0
178,org.apache.tools.ant.taskdefs.optional.sitraka.bytecode.MethodInfo,9,2,0,0.648723263
179,org.apache.tools.ant.taskdefs.optional.vss.MSVSSADD,179,0,0,0
180,org.apache.tools.ant.taskdefs.optional.sitraka.CovReport.ReportFormat,41.5,1,0,0.021931323
181,org.apache.tools.ant.taskdefs.optional.perforce.P4OutputStream,7,1,0,0.146786374
182,org.apache.tools.ant.taskdefs.optional.clearcase.CCMklbtype,203.14285,0,0,0
183,org.apache.tools.ant.taskdefs.optional.script.ScriptDef.NestedElement,13,1,0,0.058010285
184,org.apache.tools.ant.taskdefs.compilers.Gcj,159,1,0,0.014379122
185,org.apache.tools.ant.BuildListener,70.166664,13,2,66.83616625
186,org.apache.tools.ant.taskdefs.cvslib.CVSEntry,6.6666665,3,0,0.524647722
187,org.apache.tools.ant.types.optional.image.DrawOperation,5.6,7,0,0.426444668
188,org.apache.tools.ant.types.selectors.DateSelector,57.8,5,0,0.234730118
189,org.apache.tools.ant.taskdefs.optional.sitraka.CovMerge,172.88889,0,0,0
190,org.apache.tools.ant.taskdefs.optional.unix.Chgrp,185,0,0,0
191,org.apache.tools.ant.taskdefs.optional.junit.XMLConstants,9,2,2,0.062707995
192,org.apache.tools.ant.taskdefs.Jar,152.875,2,2,0.045589926
193,org.apache.tools.ant.taskdefs.optional.extension.ExtraAttribute,226.5,1,0,0.036589381
194,org.apache.tools.ant.taskdefs.optional.net.TelnetTask.TelnetWrite,115.5,1,0,0.013907675
195,org.apache.tools.ant.taskdefs.cvslib.CvsTagEntry,6,1,0,0.22271771
196,org.apache.tools.ant.types.Resource,22.666666,8,0,3.758867686
197,org.apache.tools.ant.helper.ProjectHelper2.ElementHandler,78.42857,1,1,0.01613783
198,org.apache.tools.ant.taskdefs.optional.junit.SummaryJUnitResultFormatter,123.5,1,0,0.077567934
199,org.apache.tools.ant.taskdefs.BZip2,179,0,0,0
200,org.apache.tools.ant.TypeAdapter,92.5,3,0,0.286739602
201,org.apache.tools.ant.taskdefs.Ant,130,3,2,0.388833134
202,org.apache.tools.ant.taskdefs.XSLTProcess.Param,267,1,0,0.062468654
203,org.apache.tools.ant.taskdefs.optional.windows.Attrib,138.16667,0,0,0
204,org.apache.tools.ant.filters.TokenFilter.ChainableReaderFilter,53.4,6,0,0.29949668
205,org.apache.tools.ant.types.optional.depend.ClassfileSet,125,0,0,0
206,org.apache.tools.ant.taskdefs.Javadoc.SourceFile,27,1,0,0.112336623
207,org.apache.tools.ant.taskdefs.optional.sitraka.Filters,10.5,1,0,0.077567934
208,org.apache.tools.ant.util.TaskLogger,300,0,0,0
209,org.apache.tools.ant.taskdefs.email.EmailTask,199.85715,2,2,0.045589926
210,org.apache.tools.ant.taskdefs.optional.junit.DOMUtil,11,1,0,0.013907675
211,org.apache.tools.ant.taskdefs.optional.ide.VAJTask,50,3,0,0.137252486
212,org.apache.tools.ant.taskdefs.Untar,188.16667,0,0,0
213,org.apache.tools.ant.taskdefs.optional.junit.CompoundEnumeration,4,1,0,0.051585735
214,org.apache.tools.ant.taskdefs.optional.ide.VAJLoad,145.8,1,0,0.021265903
215,org.apache.tools.ant.taskdefs.optional.jsp.compilers.DefaultJspCompilerAdapter,120,1,0,0.40814893
216,org.apache.tools.ant.taskdefs.optional.dotnet.VisualBasicCompile,99.4,0,0,0
217,org.apache.tools.ant.taskdefs.Manifest.Attribute,6.75,3,0,1.152635794
218,org.apache.tools.ant.BuildException,64.478264,444,2,3393.953403
219,org.apache.tools.ant.taskdefs.optional.sos.SOSCmd,7,5,0,0.730609238
220,org.apache.tools.ant.filters.TokenFilter,69.125,2,0,0.116533985
221,org.apache.tools.ant.taskdefs.optional.sound.SoundTask.BuildAlert,262.66666,1,0,0.241615045
222,org.apache.tools.ant.taskdefs.optional.XalanLiaison,4,0,0,0
223,org.apache.tools.ant.taskdefs.optional.ccm.CCMCheck,171.66667,3,0,0.111364396
224,org.apache.tools.ant.taskdefs.optional.ejb.DDCreatorHelper,0,0,0,0
225,org.apache.tools.ant.types.optional.image.Arc,7.75,1,0,0.027778749
226,org.apache.tools.ant.types.selectors.NoneSelector,29.166666,6,0,0.316923533
227,org.apache.tools.ant.taskdefs.XSLTProcess.Factory.Attribute,151,1,0,0.117825659
228,org.apache.tools.ant.taskdefs.LoadProperties,187.57143,0,0,0
229,org.apache.tools.ant.taskdefs.optional.ejb.InnerClassFilenameFilter,23,1,0,0.23465943
230,org.apache.tools.ant.taskdefs.optional.ejb.WeblogicDeploymentTool,127.8,2,2,0.081283793
231,org.apache.tools.ant.taskdefs.optional.metamata.MMetricsStreamHandler,180,1,0,0.028834893
232,org.apache.tools.ant.RuntimeConfigurable,116.7,10,1,205.1392084
233,org.apache.tools.ant.types.optional.image.ImageOperation,11.8,10,0,0.447334522
234,org.apache.tools.ant.taskdefs.GenerateKey.DnameParam,2,1,0,0.097377301
235,org.apache.tools.ant.filters.StringInputStream,0,0,0,0
236,org.apache.tools.ant.taskdefs.optional.dotnet.WsdlToDotnet,242.33333,0,0,0
237,org.apache.tools.ant.types.resolver.ApacheCatalogResolver,117.75,1,0,0.091475609
238,org.apache.tools.ant.taskdefs.email.MimeMailer.SimpleAuthenticator,6,1,0,0.028834893
239,org.apache.tools.ant.taskdefs.condition.Http,207.4,1,0,0.044617254
240,org.apache.tools.ant.taskdefs.optional.unix.Chown,185,0,0,0
241,org.apache.tools.ant.taskdefs.Copyfile,314.75,0,0,0
242,org.apache.tools.ant.taskdefs.optional.extension.resolvers.URLResolver,136.83333,1,0,0.021265903
243,org.apache.tools.ant.taskdefs.optional.extension.JarLibManifestTask,185,0,0,0
244,org.apache.tools.ant.taskdefs.optional.jlink.ClassNameReader,2,1,0,0.050100796
245,org.apache.tools.ant.taskdefs.Basename,314.75,0,0,0
246,org.apache.tools.ant.taskdefs.optional.sitraka.Coverage.Javavm,45,1,0,0.021265903
247,org.apache.tools.ant.taskdefs.SQLExec,199.71428,0,0,0
248,org.apache.tools.ant.taskdefs.optional.vss.MSVSSCHECKOUT,179,0,0,0
249,org.apache.tools.ant.types.optional.image.Rectangle,49,3,0,0.169062724
250,org.apache.tools.mail.MailMessage,8,2,0,0.106181663
251,org.apache.tools.ant.taskdefs.optional.XMLValidateTask.ValidatorErrorHandler,176.5,1,0,0.069120461
252,org.apache.tools.ant.types.DirSet,56.375,5,0,4.923129253
253,org.apache.tools.ant.filters.StripLineComments.Comment,6,1,0,0.024303889
254,org.apache.tools.zip.UnixStat,8,3,0,0.16796089
255,org.apache.tools.ant.taskdefs.optional.sitraka.Filters.Include,2.5,1,0,0.06004987
256,org.apache.tools.ant.taskdefs.optional.jsp.compilers.JspCompilerAdapterFactory,151.6,1,0,0.017076993
257,org.apache.tools.ant.util.facade.FacadeTaskHelper,16.333334,2,0,0.949782761
258,org.apache.tools.ant.taskdefs.optional.metamata.MMetrics.GranularityAttribute,40,1,0,0.021265903
259,org.apache.tools.ant.taskdefs.optional.junit.JUnitVersionHelper,6,2,0,0.029314912
260,org.apache.tools.ant.taskdefs.optional.depend.constantpool.IntegerCPInfo,10.5,1,0,0.109264184
261,org.apache.tools.ant.types.selectors.modifiedselector.DigestAlgorithm,156.33333,1,0,0.016228196
262,org.apache.tools.ant.util.PackageNameMapper,5,0,0,0
263,org.apache.tools.ant.types.selectors.BaseSelectorContainer,83.454544,6,0,1.218005497
264,org.apache.tools.ant.taskdefs.optional.dotnet.DotnetCompile.TargetTypes,43,1,0,0.028899507
265,org.apache.tools.ant.util.SourceFileScanner,47,7,2,0.637874501
266,org.apache.tools.ant.taskdefs.cvslib.CvsUser,229,1,0,0.036589381
267,org.apache.tools.ant.taskdefs.Jar.FilesetManifestConfig,43,1,0,0.045694038
268,org.apache.tools.ant.taskdefs.rmic.KaffeRmic,189.66667,1,0,0.014866825
269,org.apache.tools.ant.taskdefs.optional.sitraka.Coverage.Finalsnapshot,71,0,0,0
270,org.apache.tools.ant.taskdefs.optional.perforce.P4Handler,84.333336,6,0,0.40719457
271,org.apache.tools.ant.taskdefs.optional.ejb.EjbcHelper,0,0,0,0
272,org.apache.tools.ant.taskdefs.optional.perforce.P4OutputHandler,445,0,0,0
273,org.apache.tools.ant.taskdefs.optional.vss.MSVSSLABEL,199.75,0,0,0
274,org.apache.tools.ant.helper.ProjectHelperImpl.AbstractHandler,9.333333,6,0,0.421173627
275,org.apache.tools.ant.taskdefs.compilers.Sj,168,1,0,0.014379122
276,org.apache.tools.ant.taskdefs.condition.Socket,207.4,1,0,0.044617254
277,org.apache.tools.ant.util.MergingMapper,18.75,3,0,0.077324016
278,org.apache.tools.ant.taskdefs.optional.junit.Enumerations,18,2,0,0.050202769
279,org.apache.tools.ant.taskdefs.Concat.MultiReader,15,1,0,0.013907675
280,org.apache.tools.ant.types.selectors.modifiedselector.ModifiedSelector.ComparatorName,46,1,0,0.079562804
281,org.apache.tools.ant.taskdefs.condition.And,161.66667,1,0,0.044617254
282,org.apache.tools.ant.taskdefs.optional.splash.SplashTask,314.75,0,0,0
283,org.apache.tools.ant.taskdefs.optional.sitraka.CovReport,190.125,1,0,0.034476198
284,org.apache.tools.ant.Main,125.85714,1,1,0.02031543
285,org.apache.tools.ant.taskdefs.optional.junit.FormatterElement.TypeAttribute,39.5,1,0,0.051845971
286,org.apache.tools.ant.taskdefs.optional.junit.JUnitTask,125.61539,0,0,0
287,org.apache.tools.ant.taskdefs.optional.sitraka.XMLReport,105.333336,1,0,0.043641012
288,org.apache.tools.ant.helper.ProjectHelperImpl,116.375,8,0,0.818480973
289,org.apache.tools.ant.types.selectors.modifiedselector.ModifiedSelector,107.75,5,2,0.234730118
290,org.apache.tools.ant.taskdefs.compilers.Javac13,192.16667,1,0,0.014379122
291,org.apache.tools.ant.taskdefs.optional.ejb.IPlanetEjbc.Classname,4,1,0,1.186797934
292,org.apache.tools.ant.taskdefs.PathConvert.MapEntry,228.5,1,0,0.06078792
293,org.apache.tools.ant.types.DataType,97.5,24,2,82.11746884
294,org.apache.tools.ant.taskdefs.Execute.MacCommandLauncher,106,1,0,0.124856827
295,org.apache.tools.ant.taskdefs.cvslib.RedirectingStreamHandler,118.5,1,0,0.036589381
296,org.apache.tools.ant.taskdefs.optional.PropertyFile.Unit,38,1,0,0.025824997
297,org.apache.tools.ant.types.selectors.modifiedselector.Algorithm,12,3,0,0.179459891
298,org.apache.tools.zip.ZipShort,7.25,7,2,3.347473365
299,org.apache.tools.ant.taskdefs.optional.extension.LibFileSet,27,2,0,0.047803466
300,org.apache.tools.ant.taskdefs.optional.junit.Xalan1Executor,7.5,0,0,0
301,org.apache.tools.ant.types.selectors.DifferentSelector,94.42857,4,0,0.201010974
302,org.apache.tools.ant.taskdefs.optional.ide.VAJExportServlet,8.666667,1,0,0.031581074
303,org.apache.tools.ant.taskdefs.optional.depend.constantpool.ClassCPInfo,9.75,6,0,0.367540111
304,org.apache.tools.ant.taskdefs.optional.net.FTP,185.375,0,0,0
305,org.apache.tools.ant.taskdefs.condition.IsSet,207.4,1,0,0.044617254
306,org.apache.tools.ant.taskdefs.optional.Native2Ascii,151.3,0,2,0
307,org.apache.tools.ant.taskdefs.Rmic.ImplementationSpecificArgument,13,1,0,0.073340504
308,org.apache.tools.ant.taskdefs.Checksum,165.11111,1,2,0.044617254
309,org.apache.tools.ant.DefaultLogger,60.857143,7,0,0.288617934
310,org.apache.tools.ant.taskdefs.Execute.CommandLauncher,98.4,9,0,2.065323212
311,org.apache.tools.ant.taskdefs.Antlib,126,1,0,0.022353732
312,org.apache.tools.ant.taskdefs.optional.ejb.WLRun,231.83333,0,0,0
313,org.apache.tools.ant.taskdefs.optional.depend.constantpool.ConstantPool,9,11,0,1.482336886
314,org.apache.tools.ant.filters.TokenFilter.DeleteCharacters,70.25,2,0,0.054348089
315,org.apache.tools.ant.taskdefs.optional.ejb.EjbJar,138.75,1,2,0.07994719
316,org.apache.tools.ant.taskdefs.SignJar,180,0,0,0
317,org.apache.tools.ant.taskdefs.optional.ssh.Scp,199.57143,0,0,0
318,org.apache.tools.ant.types.Assertions.BaseAssertion,228.5,3,0,0.135314684
319,org.apache.tools.ant.util.DateUtils,10.166667,7,0,0.328877016
320,org.apache.tools.mail.SmtpResponseReader,5,1,0,0.153015383
321,org.apache.tools.ant.taskdefs.optional.ccm.Continuus,161.77777,6,0,0.495687208
322,org.apache.tools.ant.taskdefs.DefBase,152.5,2,0,0.086259498
323,org.apache.tools.ant.util.LineTokenizer,53.166668,5,0,1.008366233
324,org.apache.tools.ant.types.CommandlineJava.SysProperties,78.28571,3,0,1.475579449
325,org.apache.tools.ant.taskdefs.optional.jsp.compilers.JspCompilerAdapter,95.6,3,0,0.202322983
326,org.apache.tools.ant.types.FileList,122.6,6,0,5.023794885
327,org.apache.tools.ant.taskdefs.Tar,199.85715,0,0,0
328,org.apache.tools.ant.taskdefs.optional.sitraka.Coverage.CoverageStreamHandler,161,1,0,0.028834893
329,org.apache.tools.ant.util.regexp.JakartaOroMatcher,116.5,1,0,0.036589381
330,org.apache.tools.ant.taskdefs.optional.sitraka.bytecode.NullLoader,6.75,2,0,0.101209423
331,org.apache.tools.ant.types.ResourceFactory,25.5,3,0,0.441317179
332,org.apache.tools.ant.util.regexp.Jdk14RegexpMatcher,116.5,1,0,0.036589381
333,org.apache.tools.ant.taskdefs.Zip.WhenEmpty,37.666668,2,0,0.049783387
334,org.apache.tools.ant.types.selectors.ContainsSelector,100.5,5,0,0.234730118
335,org.apache.tools.ant.types.XMLCatalog.InternalResolver,91,1,0,0.034011344
336,org.apache.tools.ant.util.regexp.RegexpMatcherFactory,137.83333,5,0,0.405980319
337,org.apache.tools.ant.taskdefs.optional.ide.VAJImportServlet,9,0,0,0
338,org.apache.tools.ant.taskdefs.optional.clearcase.ClearCase,164.77777,13,2,6.260646476
339,org.apache.tools.ant.taskdefs.optional.perforce.P4Resolve,162.33333,0,0,0
340,org.apache.tools.ant.taskdefs.ExecTask,128.6923,11,2,0.968590868
341,org.apache.tools.ant.taskdefs.ExecuteJava,182.42857,1,0,0.031041782
342,org.apache.tools.ant.util.regexp.Regexp,65.5,11,2,0.772794201
343,org.apache.tools.ant.taskdefs.optional.ssh.AbstractSshMessage,224,2,0,0.592983313
344,org.apache.tools.ant.taskdefs.condition.IsFalse,174.75,1,0,0.044617254
345,org.apache.tools.ant.taskdefs.email.MimeMailer,116.5,0,0,0
346,org.apache.tools.ant.taskdefs.optional.Rpm,132.08333,0,2,0
347,org.apache.tools.ant.taskdefs.optional.sitraka.ReportFilters,9,2,0,0.246133783
348,org.apache.tools.ant.taskdefs.Transform,21,0,0,0
349,org.apache.tools.ant.types.PropertySet.BuiltinPropertySetName,31.333334,2,0,0.19021995
350,org.apache.tools.ant.filters.LineContains.Contains,6,1,0,0.024303889
351,org.apache.tools.ant.taskdefs.Available,141.18182,1,2,0.044617254
352,org.apache.tools.zip.UnrecognizedExtraField,5.3333335,1,0,0.026792077
353,org.apache.tools.ant.types.optional.image.ColorMapper,5.5,4,0,0.164639326
354,org.apache.tools.ant.util.depend.bcel.FullAnalyzer,5,0,0,0
355,org.apache.tools.ant.taskdefs.Get.Base64Converter,7,1,0,0.021928173
356,org.apache.tools.ant.types.Permissions,106.6,4,0,0.626917582
357,org.apache.tools.ant.taskdefs.optional.vss.MSVSSCREATE,199.75,0,0,0
358,org.apache.tools.ant.taskdefs.optional.depend.ClassFile,11,4,0,0.259185412
359,org.apache.tools.ant.types.selectors.modifiedselector.EqualComparator,21,1,0,0.016228196
360,org.apache.tools.ant.input.InputRequest,7,5,0,0.360212862
361,org.apache.tools.ant.taskdefs.Javadoc.Html,15,2,0,0.610646912
362,org.apache.tools.ant.taskdefs.Taskdef,8.5,0,0,0
363,org.apache.tools.ant.taskdefs.optional.extension.ExtensionAdapter,97.125,5,0,0.191032219
364,org.apache.tools.ant.taskdefs.optional.net.RExecTask.AntRExecClient,198.5,4,0,0.322179415
365,org.apache.tools.ant.taskdefs.ExecuteWatchdog,103,5,0,1.300019784
366,org.apache.tools.zip.AsiExtraField,5,0,0,0
367,org.apache.tools.ant.taskdefs.optional.ejb.EjbJar.NamingScheme,32.666668,2,0,0.257025859
368,org.apache.tools.ant.taskdefs.optional.junit.BriefJUnitResultFormatter,119.25,0,0,0
369,org.apache.tools.ant.taskdefs.optional.NetRexxC.TraceAttr,39.5,1,0,0.044509884
370,org.apache.tools.ant.util.Watchdog,7.3333335,3,0,0.699770403
371,org.apache.tools.ant.taskdefs.optional.ccm.CCMCreateTask,174.14285,0,0,0
372,org.apache.tools.ant.taskdefs.optional.dotnet.DotnetDefine,265,1,0,0.049312056
373,org.apache.tools.ant.taskdefs.BuildNumber,265,0,0,0
374,org.apache.tools.ant.taskdefs.Execute.OS2CommandLauncher,106,1,0,0.124856827
375,org.apache.tools.ant.taskdefs.FixCRLF.CrLf,32.333332,2,0,0.071352007
376,org.apache.tools.ant.taskdefs.optional.ccm.CCMReconfigure,172.4,0,0,0
377,org.apache.tools.ant.taskdefs.optional.metamata.MetricsElement,8,1,0,0.10263606
378,org.apache.tools.ant.types.selectors.SelectSelector,77.8,5,0,0.234730118
379,org.apache.tools.ant.types.ZipScanner,83.28571,2,0,0.159017216
380,org.apache.tools.ant.filters.ClassConstants,22.333334,1,0,0.026994041
381,org.apache.tools.zip.ZipFile.BoundedInputStream,8,1,0,0.042989634
382,org.apache.tools.ant.taskdefs.optional.ide.VAJImport,166,0,0,0
383,org.apache.tools.ant.types.selectors.ExtendSelector,100.07143,5,0,0.234730118
384,org.apache.tools.ant.taskdefs.CallTarget,186.42857,0,0,0
385,org.apache.tools.ant.taskdefs.Execute.ScriptCommandLauncher,106,1,0,0.250733196
386,org.apache.tools.ant.AntClassLoader.ResourceEnumeration,236,1,0,0.077184139
387,org.apache.tools.ant.DemuxOutputStream,176,1,0,0.061505735
388,org.apache.tools.ant.taskdefs.XSLTLoggerAware,6,1,0,0.028834893
389,org.apache.tools.ant.filters.TokenFilter.Trim,20,2,0,0.054348089
390,org.apache.tools.ant.taskdefs.optional.jsp.Jasper41Mangler,6.5,1,0,0.014463982
391,org.apache.tools.ant.types.optional.image.Text,60,2,0,0.105194544
392,org.apache.tools.ant.taskdefs.optional.net.FTP.FTPDirectoryScanner.AntFTPRootFile,152,1,0,0.03033281
393,org.apache.tools.ant.taskdefs.optional.metamata.MAuditParser,13.5,1,0,0.039163925
394,org.apache.tools.ant.taskdefs.optional.PropertyFile,237.33333,0,0,0
395,org.apache.tools.ant.util.depend.bcel.DependencyVisitor,2,1,0,0.021265903
396,org.apache.tools.ant.taskdefs.condition.Or,161.66667,1,0,0.044617254
397,org.apache.tools.ant.filters.TokenFilter.StringTokenizer,78.666664,1,0,0.024295927
398,org.apache.tools.ant.taskdefs.FixCRLF,179.71428,0,0,0
399,org.apache.tools.ant.listener.MailLogger,59.142857,0,2,0
400,org.apache.tools.ant.filters.TokenFilter.ContainsRegex,135.125,2,0,0.054348089
401,org.apache.tools.ant.util.regexp.JakartaOroRegexp,117,0,0,0
402,org.apache.tools.ant.filters.LineContains,21,1,0,0.026994041
403,org.apache.tools.ant.taskdefs.optional.j2ee.JonasHotDeploymentTool,134.33333,1,0,0.102307782
404,org.apache.tools.ant.taskdefs.optional.depend.JarFileIterator,5.5,0,0,0
405,org.apache.tools.ant.taskdefs.optional.vss.MSVSSCP,199.75,0,0,0
406,org.apache.tools.ant.listener.Log4jListener,131.2,0,0,0
407,org.apache.tools.ant.taskdefs.optional.ejb.IPlanetEjbc.RedirectOutput,6,1,0,0.095878855
408,org.apache.tools.ant.taskdefs.optional.sos.SOSCheckout,31.25,0,0,0
409,org.apache.tools.ant.taskdefs.optional.XMLValidateTask.Attribute,15,1,0,0.06078792
410,org.apache.tools.ant.taskdefs.compilers.Jvc,159,1,0,0.014379122
411,org.apache.tools.ant.taskdefs.condition.Equals,161.66667,1,0,0.044617254
412,org.apache.tools.ant.taskdefs.Javadoc.PackageName,15,2,0,0.224879285
413,org.apache.tools.ant.taskdefs.optional.j2ee.AbstractHotDeploymentTool,129.5,3,0,0.606749313
414,org.apache.tools.ant.taskdefs.AbstractCvsTask,134.63637,4,0,0.875228752
415,org.apache.tools.zip.ZipExtraField,5.75,4,0,0.80219438
416,org.apache.tools.ant.taskdefs.rmic.SunRmic,164.71428,1,0,0.014866825
417,org.apache.tools.ant.taskdefs.Tar.TarLongFileMode,42.5,1,0,0.203912577
418,org.apache.tools.ant.taskdefs.optional.javacc.JJTree,140.09091,0,2,0
419,org.apache.tools.ant.taskdefs.optional.junit.JUnitTest,58.57143,8,0,2.118916004
420,org.apache.tools.ant.util.regexp.RegexpFactory,137.66667,1,0,0.185055685
421,org.apache.tools.ant.taskdefs.optional.net.TelnetTask.TelnetSubTask,115.25,3,0,0.169778506
422,org.apache.tools.ant.taskdefs.optional.NetRexxC.VerboseAttr,39.5,1,0,0.044509884
423,org.apache.tools.ant.taskdefs.Input,214.66667,0,0,0
424,org.apache.tools.ant.taskdefs.ExecuteStreamHandler,19.833334,19,0,4.134283186
425,org.apache.tools.ant.taskdefs.Execute.Java13CommandLauncher,187,2,0,0.152902666
426,org.apache.tools.ant.filters.ReplaceTokens.Token,7,1,0,0.024303889
427,org.apache.tools.ant.taskdefs.Sleep,348.33334,0,0,0
428,org.apache.tools.ant.taskdefs.optional.sitraka.bytecode.ClassFile,8.2,6,0,0.875535397
429,org.apache.tools.ant.taskdefs.condition.Condition,86,19,2,1.875035781
430,org.apache.tools.ant.util.KeepAliveInputStream,6,1,0,0.040779273
431,org.apache.tools.ant.taskdefs.optional.depend.constantpool.NameAndTypeCPInfo,8.75,5,0,0.291514001
432,org.apache.tools.ant.taskdefs.Delete,126.666664,1,2,0.013907675
433,org.apache.tools.ant.util.ScriptRunner,117,3,0,0.547491857
434,org.apache.tools.ant.types.ZipFileSet,128,4,0,0.663400414
435,org.apache.tools.ant.taskdefs.optional.vss.MSVSSHISTORY,199.75,0,0,0
436,org.apache.tools.ant.taskdefs.BUnzip2,179.25,0,0,0
437,org.apache.tools.ant.util.Tokenizer,10,4,0,0.450399389
438,org.apache.tools.ant.types.Assertions,132.22223,3,2,0.941341067
439,org.apache.tools.ant.IntrospectionHelper,101.77778,6,1,0.778871285
440,org.apache.tools.ant.taskdefs.optional.metamata.MAudit,137.36363,1,0,0.047599337
441,org.apache.tools.ant.launch.AntMain,8.5,2,0,0.04586059
442,org.apache.tools.zip.ExtraFieldUtils,6.6666665,1,0,0.29692227
443,org.apache.tools.ant.taskdefs.Exit,314.75,0,0,0
444,org.apache.tools.tar.TarUtils,6,1,0,0.834302696
445,org.apache.tools.ant.types.XMLCatalog.ExternalResolver,180.2,1,0,0.034011344
446,org.apache.tools.ant.taskdefs.optional.dotnet.Ildasm,226.2,0,0,0
447,org.apache.tools.ant.taskdefs.optional.scm.AntStarTeamCheckOut,279.5,0,0,0
448,org.apache.tools.ant.taskdefs.optional.script.ScriptDef.Attribute,13,1,0,0.040467778
449,org.apache.tools.ant.util.UnPackageNameMapper,5,0,0,0
450,org.apache.tools.ant.taskdefs.Javadoc.LinkArgument,27,1,0,0.103512784
451,org.apache.tools.ant.util.FlatFileNameMapper,20,1,0,0.020140356
452,org.apache.tools.ant.taskdefs.email.EmailAddress,8.8,5,0,0.851181847
453,org.apache.tools.ant.taskdefs.Javadoc.ExtensionInfo,95,2,0,0.236974168
454,org.apache.tools.ant.taskdefs.optional.ejb.IPlanetEjbc.EjbcHandler,5,1,0,0.106263213
455,org.apache.tools.ant.taskdefs.Dirname,314.75,0,0,0
456,org.apache.tools.ant.util.depend.DependencyAnalyzer,28.4,4,0,0.733001657
457,org.apache.tools.ant.taskdefs.Javac,133.33333,8,2,1.572606755
458,org.apache.tools.ant.taskdefs.optional.perforce.P4Submit,158,0,0,0
459,org.apache.tools.tar.TarConstants,8,3,0,0.208997473
460,org.apache.tools.ant.taskdefs.Execute.CommandLauncherProxy,89.25,5,0,0.438942074
461,org.apache.tools.ant.taskdefs.optional.ejb.JonasDeploymentTool,134.44444,1,2,0.047023355
462,org.apache.tools.ant.taskdefs.optional.unix.AbstractAccessTask,146.16667,2,0,0.045589926
463,org.apache.tools.ant.taskdefs.LoadFile,216.83333,0,0,0
464,org.apache.tools.ant.taskdefs.optional.clearcase.CCMklabel,203.14285,0,0,0
465,org.apache.tools.ant.taskdefs.XSLTLiaison,10.5,4,0,0.277166053
466,org.apache.tools.ant.taskdefs.Javadoc.GroupArgument,14.5,1,0,0.077567934
467,org.apache.tools.ant.taskdefs.Execute.PerlScriptCommandLauncher,106,1,0,0.124856827
468,org.apache.tools.ant.taskdefs.optional.extension.resolvers.AntResolver,138,1,0,0.021265903
469,org.apache.tools.ant.types.FilterChain,90,5,0,0.18424026
470,org.apache.tools.ant.taskdefs.optional.sitraka.bytecode.Utils,9.25,3,0,0.419759091
471,org.apache.tools.ant.taskdefs.optional.depend.constantpool.LongCPInfo,10.5,1,0,0.109264184
472,org.apache.tools.ant.taskdefs.Redirector,132.36363,2,0,1.046264672
473,org.apache.tools.ant.taskdefs.optional.extension.resolvers.LocationResolver,162.8,1,0,0.021265903
474,org.apache.tools.ant.taskdefs.Execute.WinNTCommandLauncher,106,1,0,0.124856827
475,org.apache.tools.ant.Project,72.08696,329,1,1791.973756
476,org.apache.tools.ant.taskdefs.optional.sos.SOSGet,31.25,0,0,0
477,org.apache.tools.ant.taskdefs.optional.clearcase.CCUnCheckout,203.14285,0,0,0
478,org.apache.tools.ant.types.PatternSet.NameEntry,66.125,8,0,2.104924897
479,org.apache.tools.ant.taskdefs.compilers.Jikes,159,1,2,0.014379122
480,org.apache.tools.ant.taskdefs.optional.junit.Xalan2Executor,7.5,0,0,0
481,org.apache.tools.ant.taskdefs.Manifest,96,3,0,0.814150331
482,org.apache.tools.ant.taskdefs.optional.sitraka.ReportFilters.FilterElement,5,3,0,0.198213549
483,org.apache.tools.ant.taskdefs.optional.starteam.StarTeamCheckin,146.6,1,0,0.016436344
484,org.apache.tools.ant.BuildEvent,78.888885,17,0,156.4812216
485,org.apache.tools.ant.taskdefs.Zip,142.09091,3,2,0.443513412
486,org.apache.tools.ant.taskdefs.Definer.Format,42.5,1,0,0.055118798
487,org.apache.tools.ant.filters.ExpandProperties,101.25,1,0,0.026994041
488,org.apache.tools.ant.filters.TokenFilter.ContainsString,170.25,1,0,0.024295927
489,org.apache.tools.ant.taskdefs.optional.jdepend.JDependTask.FormatAttribute,43,1,0,0.021265903
490,org.apache.tools.ant.filters.EscapeUnicode,20.25,1,0,0.026994041
491,org.apache.tools.ant.taskdefs.optional.jlink.jlink,4.5,1,0,0.021265903
492,org.apache.tools.ant.taskdefs.AntlibDefinition,88.888885,6,0,0.478001143
493,org.apache.tools.ant.taskdefs.Concat,146.27272,0,0,0
494,org.apache.tools.ant.taskdefs.optional.vss.MSVSS,187,8,2,5.918817154
495,org.apache.tools.ant.taskdefs.optional.net.RExecTask.RExecWrite,115.5,1,0,0.013907675
496,org.apache.tools.ant.taskdefs.optional.ssh.SSHUserInfo,8.333333,3,0,0.730351834
497,org.apache.tools.ant.taskdefs.Deltree,353.5,0,0,0
498,org.apache.tools.ant.taskdefs.optional.depend.constantpool.StringCPInfo,11.333333,1,0,0.109264184
499,org.apache.tools.ant.taskdefs.SQLExec.OnError,40.5,1,0,0.021265903
500,org.apache.tools.ant.util.GlobPatternMapper,24,4,0,0.116310506
501,org.apache.tools.ant.taskdefs.Sync.MyCopy,15.666667,1,0,0.103512784
502,org.apache.tools.ant.taskdefs.optional.ide.VAJLoadProjects,6,0,0,0
503,org.apache.tools.ant.types.selectors.DependSelector,26.428572,5,0,0.234730118
504,org.apache.tools.ant.taskdefs.optional.depend.DirectoryIterator,5.5,0,0,0
505,org.apache.tools.ant.taskdefs.optional.PropertyFile.Entry,224,1,0,0.06078792
506,org.apache.tools.ant.taskdefs.Javadoc.TagArgument,216.4,1,0,0.077567934
507,org.apache.tools.ant.helper.ProjectHelperImpl.TaskHandler,136.1,2,2,0.087801343
508,org.apache.tools.ant.taskdefs.optional.junit.AggregateTransformer,213,4,0,0.294962684
509,org.apache.tools.ant.util.LoaderUtils,88.85714,6,0,0.512304981
510,org.apache.tools.ant.types.optional.image.Rotate,8.25,2,0,0.098681697
511,org.apache.tools.ant.taskdefs.optional.sitraka.bytecode.JarLoader,6.75,1,0,0.032311812
512,org.apache.tools.ant.taskdefs.email.UUMailer,226,0,0,0
513,org.apache.tools.ant.taskdefs.optional.perforce.P4Labelsync,184.83333,0,0,0
514,org.apache.tools.ant.taskdefs.JikesOutputParser,155.75,1,0,0.044509884
515,org.apache.tools.ant.taskdefs.email.PlainMailer,95.8,2,0,0.037807837
516,org.apache.tools.ant.taskdefs.optional.jlink.ConstantPool,2,1,0,0.065424275
517,org.apache.tools.ant.taskdefs.optional.junit.ArrayEnumeration,4,1,0,0.051585735
518,org.apache.tools.ant.types.Reference,79.2,41,0,22.75683351
519,org.apache.tools.ant.taskdefs.Definer,147.55556,2,2,0.099618798
520,org.apache.tools.ant.Project.AntRefTable,180,1,0,13.02166522
521,org.apache.tools.ant.taskdefs.Touch,185.125,0,0,0
522,org.apache.tools.ant.taskdefs.optional.Javah,187,0,0,0
523,org.apache.tools.ant.taskdefs.optional.perforce.P4Counter,174.5,0,0,0
524,org.apache.tools.ant.taskdefs.MacroDef.Attribute,157,2,0,0.068118059
525,org.apache.tools.tar.TarOutputStream,7.6666665,1,0,0.112336623
526,org.apache.tools.ant.Target,106,19,1,166.9307059
527,org.apache.tools.ant.taskdefs.optional.vss.MSVSS.CurrentModUpdated,26,3,0,0.412768944
528,org.apache.tools.ant.taskdefs.optional.jsp.JspMangler,9.666667,5,0,0.37494124
529,org.apache.tools.ant.taskdefs.optional.ide.VAJLoadServlet,7.75,1,0,0.015280766
530,org.apache.tools.ant.types.XMLCatalog,129,4,2,0.388483035
531,org.apache.tools.ant.taskdefs.optional.metamata.MAuditParser.Violation,9,2,0,0.113736162
532,org.apache.tools.ant.taskdefs.Rename,277.75,0,0,0
533,org.apache.tools.ant.taskdefs.cvslib.CvsVersion,145.25,1,0,0.021265903
534,org.apache.tools.ant.taskdefs.optional.jsp.JspNameMangler,6.5,1,0,0.014463982
535,org.apache.tools.ant.types.FilterSet.FiltersFile,9,1,0,0.078363457
536,org.apache.tools.ant.util.KeepAliveOutputStream,0,0,0,0
537,org.apache.tools.ant.filters.TailFilter,18.666666,1,0,0.026994041
538,org.apache.tools.ant.taskdefs.MacroInstance,127.5,0,0,0
539,org.apache.tools.ant.taskdefs.compilers.Kjc,178.42857,1,0,0.014379122
540,org.apache.tools.ant.taskdefs.Javadoc.DocletParam,15,2,0,0.149151114
541,org.apache.tools.ant.taskdefs.optional.ide.VAJProjectDescription,116.75,4,0,0.279324
542,org.apache.tools.ant.taskdefs.RecorderEntry,67.333336,1,0,0.069120461
543,org.apache.tools.ant.taskdefs.optional.ide.VAJAntToolGUI,9.75,2,0,0.472299735
544,org.apache.tools.ant.taskdefs.optional.ccm.CCMCheckin,13,0,0,0
545,org.apache.tools.ant.taskdefs.Sync,222.5,0,0,0
546,org.apache.tools.ant.taskdefs.optional.sitraka.Triggers.Method,223.5,1,0,0.1160379
547,org.apache.tools.ant.taskdefs.optional.TraXLiaison,122,0,0,0
548,org.apache.tools.ant.helper.ProjectHelper2.MainHandler,11.333333,1,0,0.01613783
549,org.apache.tools.ant.helper.ProjectHelperImpl.TargetHandler,140.33333,1,0,0.031718383
550,org.apache.tools.ant.taskdefs.SendEmail,13,0,0,0
551,org.apache.tools.ant.taskdefs.optional.Cab,136.5,0,0,0
552,org.apache.tools.ant.types.selectors.MappingSelector,112.71429,2,0,0.217721729
553,org.apache.tools.ant.types.selectors.NotSelector,31,5,0,0.234730118
554,org.apache.tools.ant.taskdefs.optional.javacc.JavaCC,138.81818,2,2,0.099092167
555,org.apache.tools.ant.taskdefs.Get,190.33333,1,0,0.015482927
556,org.apache.tools.ant.taskdefs.optional.depend.constantpool.Utf8CPInfo,13.5,2,0,0.18581208
557,org.apache.tools.ant.launch.LaunchException,3,1,0,0.112336623
558,org.apache.tools.ant.taskdefs.optional.starteam.StarTeamCheckout.CheckoutMap,199.5,1,0,0.013907675
559,org.apache.tools.ant.taskdefs.ExecuteOn.FileDirBoth,46,1,0,0.024851802
560,org.apache.tools.bzip2.CBZip2OutputStream,3.5,2,0,0.099735392
561,org.apache.tools.ant.taskdefs.optional.extension.JarLibDisplayTask,210.4,0,0,0
562,org.apache.tools.ant.taskdefs.optional.starteam.TreeBasedTask.UnmatchedFileMap,160.6,6,0,0.177648738
563,org.apache.tools.ant.taskdefs.compilers.DefaultCompilerAdapter,130.45454,9,0,3.389828157
564,org.apache.tools.ant.taskdefs.optional.ssh.Directory,7,2,0,0.254242051
565,org.apache.tools.ant.util.FileNameMapper,16.818182,22,0,2.13667106
566,org.apache.tools.ant.taskdefs.Sequential,239.33333,0,0,0
567,org.apache.tools.ant.taskdefs.optional.XslpLiaison,4,0,0,0
568,org.apache.tools.ant.taskdefs.optional.net.FTP.FTPDirectoryScanner.AntFTPFile,153.33333,2,0,0.245798807
569,org.apache.tools.ant.taskdefs.Tstamp.CustomFormat,200.5,1,0,0.08291704
570,org.apache.tools.ant.filters.PrefixLines,21,1,0,0.026994041
571,org.apache.tools.ant.taskdefs.optional.jlink.JlinkTask,235.16667,0,0,0
572,org.apache.tools.ant.taskdefs.cvslib.RedirectingOutputStream,8,1,0,0.036965867
573,org.apache.tools.ant.helper.ProjectHelper2.ProjectHandler,87.6,1,0,0.01613783
574,org.apache.tools.ant.filters.TokenFilter.ReplaceString,126.25,2,0,0.054348089
575,org.apache.tools.ant.taskdefs.optional.net.FTP.FTPDirectoryScanner,174.8,1,0,0.028834893
576,org.apache.tools.ant.taskdefs.optional.extension.JarLibResolveTask,184.85715,0,0,0
577,org.apache.tools.ant.helper.ProjectHelper2,133.77777,6,2,0.176509716
578,org.apache.tools.ant.types.Description,130.14285,1,0,6.510322841
579,org.apache.tools.ant.taskdefs.optional.ssh.SSHExec,253.2,0,0,0
580,org.apache.tools.ant.types.selectors.FileSelector,72.9,11,2,3.27666761
581,org.apache.tools.ant.taskdefs.TaskOutputStream,262,0,0,0
582,org.apache.tools.ant.util.WeakishReference.HardReference,4,0,0,0
583,org.apache.tools.ant.taskdefs.optional.i18n.Translate,189,0,0,0
584,org.apache.tools.ant.taskdefs.cvslib.RCSFile,3.5,2,0,0.471917044
585,org.apache.tools.ant.taskdefs.optional.junit.DOMUtil.NodeFilter,3,1,0,0.02821974
586,org.apache.tools.ant.types.selectors.OrSelector,33.6,5,0,0.234730118
587,org.apache.tools.ant.taskdefs.optional.javacc.JJDoc,140.09091,0,2,0
588,org.apache.tools.ant.taskdefs.optional.ssh.LogListener,5.5,2,0,0.41232873
589,org.apache.tools.ant.taskdefs.optional.sitraka.Filters.FilterElement,2,2,0,0.088121731
590,org.apache.tools.ant.taskdefs.optional.extension.LibraryDisplayer,118.75,1,0,0.021265903
591,org.apache.tools.ant.taskdefs.optional.Test.TestletEntry,3,1,0,0.044509884
592,org.apache.tools.ant.types.selectors.SizeSelector,27.75,5,0,0.234730118
593,org.apache.tools.ant.taskdefs.optional.dotnet.Ilasm.TargetTypes,39.5,1,0,0.021265903
594,org.apache.tools.ant.types.optional.image.TransformOperation,8,3,0,0.100466645
595,org.apache.tools.ant.taskdefs.compilers.CompilerAdapter,125.75,3,0,0.155490811
596,org.apache.tools.ant.taskdefs.optional.jsp.compilers.JasperC,152.875,1,0,0.063013148
597,org.apache.tools.ant.taskdefs.ImportTask,173.25,0,0,0
598,org.apache.tools.ant.taskdefs.optional.clearcase.CCMkdir,203.14285,0,0,0
599,org.apache.tools.ant.taskdefs.DefaultExcludes,260,0,0,0
600,org.apache.tools.ant.taskdefs.optional.perforce.P4Label,183.16667,0,0,0
601,org.apache.tools.ant.util.facade.ImplementationSpecificArgument,25.333334,5,2,0.995616428
602,org.apache.tools.ant.taskdefs.PumpStreamHandler,23,10,0,2.178210675
603,org.apache.tools.ant.types.FileSet,43.266666,55,0,34.70527579
604,org.apache.tools.ant.taskdefs.optional.extension.Specification,4,1,0,0.083643906
605,org.apache.tools.ant.filters.ReplaceTokens,91.666664,1,0,0.026994041
606,org.apache.tools.ant.taskdefs.CVSPass,266.75,0,0,0
607,org.apache.tools.ant.helper.ProjectHelper2.AntHandler,9.2,6,0,0.838697019
608,org.apache.tools.ant.util.StringUtils,51.5,22,0,24.23815611
609,org.apache.tools.ant.ExitException,19,3,0,0.115513603
610,org.apache.tools.ant.taskdefs.optional.ide.VAJAntTool,116.5,1,0,0.03057354
611,org.apache.tools.ant.filters.StripLineComments,21,1,0,0.026994041
612,org.apache.tools.ant.taskdefs.optional.extension.Extension,9.714286,11,0,1.64149409
613,org.apache.tools.ant.types.AntFilterReader,111.5,2,2,0.050109478
614,org.apache.tools.ant.taskdefs.Patch,182.25,0,2,0
615,org.apache.tools.ant.MagicNames,10,2,0,0.0486044
616,org.apache.tools.ant.taskdefs.optional.net.FTP.Action,40.5,1,0,0.044509884
617,org.apache.tools.ant.taskdefs.optional.Native2Ascii.ExtMapper,17,1,0,0.013907675
618,org.apache.tools.ant.taskdefs.optional.depend.constantpool.FieldRefCPInfo,9.5,2,0,0.18581208
619,org.apache.tools.ant.taskdefs.Ear,146.875,0,0,0
620,org.apache.tools.ant.taskdefs.optional.ejb.IPlanetEjbc.EjbInfo,5,2,0,0.542696487
621,org.apache.tools.ant.taskdefs.Javac.ImplementationSpecificArgument,14.5,1,0,0.063103454
622,org.apache.tools.ant.types.selectors.ExtendFileSelector,9,1,0,0.082677969
623,org.apache.tools.ant.launch.Locator,26,3,0,0.721130684
624,org.apache.tools.ant.filters.LineContainsRegExp,18.428572,1,0,0.026994041
625,org.apache.tools.ant.taskdefs.optional.ssh.ScpFromMessage,7.5,1,0,0.036589381
626,org.apache.tools.ant.taskdefs.optional.extension.ExtensionSet,129,2,0,0.108386445
627,org.apache.tools.ant.taskdefs.optional.junit.DOMUtil.NodeListImpl,3,1,0,0.02821974
628,org.apache.tools.ant.taskdefs.optional.splash.SplashScreen,12.666667,1,0,0.069120461
629,org.apache.tools.ant.taskdefs.PreSetDef,112.55556,0,0,0
630,org.apache.tools.ant.input.MultipleChoiceInputRequest,6.5,1,0,0.028834893
631,org.apache.tools.ant.taskdefs.optional.ejb.WLStop,231.83333,0,0,0
632,org.apache.tools.ant.taskdefs.cvslib.ChangeLogParser,7.3333335,3,0,0.147719153
633,org.apache.tools.ant.taskdefs.condition.ConditionBase,47.5,5,0,0.445083905
634,org.apache.tools.ant.taskdefs.XSLTLogger,13.5,3,0,0.270608028
635,org.apache.tools.ant.taskdefs.optional.pvcs.PvcsProject,11,1,0,0.021265903
636,org.apache.tools.ant.taskdefs.condition.Contains,161.66667,1,0,0.044617254
637,org.apache.tools.ant.taskdefs.email.Mailer,107.14286,4,0,0.109321947
638,org.apache.tools.ant.taskdefs.optional.sitraka.bytecode.ClassFilter,6,1,0,0.016653856
639,org.apache.tools.ant.taskdefs.optional.extension.JarLibAvailableTask,163.25,0,0,0
640,org.apache.tools.ant.filters.ChainableReader,13.333333,18,0,1.403500929
641,org.apache.tools.ant.taskdefs.condition.Not,161.66667,1,0,0.044617254
642,org.apache.tools.ant.taskdefs.optional.perforce.P4Base,178.25,17,0,2.555571653
643,org.apache.tools.ant.taskdefs.optional.sos.SOSLabel,165.4,0,0,0
644,org.apache.tools.ant.taskdefs.optional.junit.XMLJUnitResultFormatter,96.4,0,0,0
645,org.apache.tools.tar.TarBuffer,3.5,2,0,0.664873422
646,org.apache.tools.ant.taskdefs.optional.IContract.ClasspathHelper,38,1,0,0.036589381
647,org.apache.tools.ant.taskdefs.WhichResource,230.33333,0,0,0
648,org.apache.tools.ant.types.Mapper.MapperType,29.5,3,0,0.247949986
649,org.apache.tools.ant.taskdefs.optional.ide.VAJRemoteUtil,146.4,1,0,0.06401783
650,org.apache.tools.ant.BuildLogger,11.2,5,0,0.221567207
651,org.apache.tools.ant.types.Assertions.EnabledAssertion,8,1,0,0.029142334
652,org.apache.tools.ant.loader.AntClassLoader2,88.8,0,0,0
653,org.apache.tools.ant.types.selectors.DateSelector.TimeComparisons,41,1,0,0.070180645
654,org.apache.tools.ant.taskdefs.optional.extension.ExtensionUtil,120.125,4,2,0.094631599
655,org.apache.tools.ant.taskdefs.Tar.TarCompressionMethod,30,1,0,0.077567934
656,org.apache.tools.ant.UnknownElement,115.5,15,1,158.6654773
657,org.apache.tools.ant.taskdefs.optional.ccm.CCMCheckinDefault,13,0,0,0
658,org.apache.tools.ant.taskdefs.compilers.JavacExternal,168,1,0,0.014379122
659,org.apache.tools.ant.types.optional.image.Ellipse,7.75,1,0,0.027778749
660,org.apache.tools.ant.taskdefs.AntStructure,224.16667,0,0,0
661,org.apache.tools.ant.util.CollectionUtils.EmptyEnumeration,20,2,0,0.286113389
662,org.apache.tools.ant.taskdefs.optional.perforce.P4Sync,217.4,0,0,0
663,org.apache.tools.ant.util.JavaEnvUtils,54,25,0,62.71444298
664,org.apache.tools.ant.taskdefs.optional.vss.MSVSSCHECKIN,179,0,0,0
665,org.apache.tools.ant.DirectoryScanner,56.764706,65,0,7.999178582
666,org.apache.tools.ant.taskdefs.optional.sitraka.Coverage.Recordfromstart,45,1,0,0.021265903
667,org.apache.tools.ant.taskdefs.optional.ejb.WeblogicTOPLinkDeploymentTool,141.66667,1,0,0.047023355
668,org.apache.tools.tar.TarEntry,8.666667,4,0,0.411330307
669,org.apache.tools.ant.taskdefs.optional.sitraka.bytecode.ClassPathLoader.FileLoader,8,5,0,0.26718731
670,org.apache.tools.ant.taskdefs.optional.extension.DeweyDecimal,9,3,0,1.643784367
671,org.apache.tools.ant.taskdefs.optional.perforce.SimpleP4OutputHandler,183.16667,13,0,0.892574056
672,org.apache.tools.ant.input.PropertyFileInputHandler,152.33333,0,0,0
673,org.apache.tools.ant.taskdefs.optional.perforce.P4HandlerAdapter,97.6,2,0,0.136431977
674,org.apache.tools.ant.taskdefs.PreSetDef.PreSetDefinition,165,2,0,0.144015094
675,org.apache.tools.ant.taskdefs.optional.IContract.IContractPresenceDetector,15,1,0,0.013907675
676,org.apache.tools.ant.taskdefs.optional.ide.VAJToolsServlet.VAJLocalServletUtil,153.66667,1,0,0.082905665
677,org.apache.tools.ant.types.optional.depend.ClassfileSet.ClassRoot,8,1,0,0.021265903
678,org.apache.tools.ant.taskdefs.FixCRLF.OneLiner.BufferLine,153,2,0,0.155958583
679,org.apache.tools.ant.helper.AntXMLContext,68.333336,7,2,1.920708099
680,org.apache.tools.ant.taskdefs.optional.ide.VAJUtil,7.5,10,0,1.4758851
681,org.apache.tools.ant.taskdefs.optional.dotnet.Ildasm.EncodingTypes,38.5,1,0,0.036589381
682,org.apache.tools.ant.taskdefs.optional.sound.SoundTask,204.5,0,0,0
683,org.apache.tools.ant.types.Environment,83.71429,6,0,0.765838127
684,org.apache.tools.ant.taskdefs.condition.IsTrue,174.75,1,0,0.044617254
685,org.apache.tools.ant.taskdefs.optional.starteam.StarTeamList,178.5,0,0,0
686,org.apache.tools.ant.types.selectors.PresentSelector,88.4,5,0,0.234730118
687,org.apache.tools.ant.taskdefs.Copy,139.90909,3,0,0.548134588
688,org.apache.tools.ant.taskdefs.optional.script.ScriptDefBase,254.4,0,0,0
689,org.apache.tools.mail.ErrorInQuitException,5,1,0,0.044066462
690,org.apache.tools.ant.filters.TokenFilter.Filter,9.5,4,0,0.226150454
691,org.apache.tools.ant.taskdefs.optional.metamata.MMetricsStreamHandler.ElementEntry,8,1,0,0.084121319
692,org.apache.tools.ant.taskdefs.War,146.875,0,0,0
693,org.apache.tools.ant.taskdefs.optional.metamata.MAuditStreamHandler,165.125,1,0,0.030670353
694,org.apache.tools.ant.filters.BaseParamFilterReader,11.333333,11,0,0.8228312
695,org.apache.tools.ant.types.DTDLocation,8.666667,2,0,0.218116184
696,org.apache.tools.ant.taskdefs.optional.depend.ClassFileIterator,5,2,0,0.062707995
697,org.apache.tools.ant.taskdefs.rmic.WLRmic,174,1,0,0.014866825
698,org.apache.tools.ant.util.optional.WeakishReference12,4,0,0,0
699,org.apache.tools.ant.taskdefs.optional.clearcase.CCCheckin,203.14285,0,0,0
700,org.apache.tools.ant.taskdefs.Execute.Java11CommandLauncher,122.5,1,0,0.250733196
701,org.apache.tools.ant.types.XMLCatalog.CatalogResolver,8,4,0,0.247318575
702,org.apache.tools.ant.taskdefs.optional.sitraka.bytecode.ClassPathLoader.LoaderEnumeration,5.25,1,0,0.028429458
703,org.apache.tools.ant.taskdefs.optional.clearcase.CCMkbl,203.14285,0,0,0
704,org.apache.tools.ant.types.FlexInteger,0,0,0,0
705,org.apache.tools.ant.taskdefs.Tar.TarFileSet,104.4,1,0,0.166692317
706,org.apache.tools.ant.taskdefs.optional.sitraka.CovBase,73.8,3,0,0.52563591
707,org.apache.tools.ant.types.CommandlineJava,89.38461,14,0,10.16913686
708,org.apache.tools.ant.PathTokenizer,217,2,0,21.01367963
709,org.apache.tools.ant.types.Parameterizable,13.666667,2,0,0.247643202
710,org.apache.tools.ant.IntrospectionHelper.Creator,142.16667,3,0,0.585627956
711,org.apache.tools.ant.taskdefs.Manifest.Section,94.4,2,0,0.837919592
712,org.apache.tools.ant.taskdefs.optional.PropertyFile.Entry.Type,38,1,0,0.044187871
713,org.apache.tools.ant.IntrospectionHelper.AttributeSetter,266,1,0,0.054491249
714,org.apache.tools.ant.taskdefs.GenerateKey.DistinguishedName,8,1,0,0.06078792
715,org.apache.tools.ant.types.Permissions.Permission,7,1,0,0.315168158
716,org.apache.tools.ant.taskdefs.Typedef,15,2,0,0.063676992
717,org.apache.tools.ant.types.selectors.BaseExtendSelector,62.444443,8,0,0.371300844
718,org.apache.tools.ant.taskdefs.optional.ide.VAJExport,137.28572,0,0,0
719,org.apache.tools.ant.filters.util.ChainReaderHelper,130.25,4,0,1.496268698
720,org.apache.tools.ant.helper.ProjectHelperImpl.DescriptionHandler,120,1,0,0.04910455
721,org.apache.tools.ant.taskdefs.optional.ANTLR,125.46154,0,2,0
722,org.apache.tools.ant.taskdefs.optional.perforce.P4Have,162.33333,0,0,0
723,org.apache.tools.ant.taskdefs.optional.clearcase.CCUpdate,203.14285,0,0,0
724,org.apache.tools.ant.taskdefs.Java,126.53846,17,0,1.292082542
725,org.apache.tools.ant.types.resolver.ApacheCatalog,5,1,0,0.019448242
726,org.apache.tools.ant.helper.ProjectHelperImpl.RootHandler,106.25,1,0,0.04910455
727,org.apache.tools.ant.taskdefs.cvslib.ChangeLogTask,200.85715,0,2,0
728,org.apache.tools.zip.ZipFile,11.5,3,0,0.130306449
729,org.apache.tools.ant.taskdefs.optional.sitraka.CovReport.Reference,160.14285,1,0,0.079786003
730,org.apache.tools.ant.taskdefs.optional.net.MimeMail,240,0,0,0
731,org.apache.tools.ant.taskdefs.Zip.ArchiveState,16.666666,2,0,0.317507659
732,org.apache.tools.ant.types.optional.image.Scale.ProportionsAttribute,38.5,1,0,0.029814014
733,org.apache.tools.ant.taskdefs.Rmic,136.75,4,0,1.087804137
734,org.apache.tools.ant.taskdefs.optional.perforce.P4Fstat,202,1,0,0.076805334
735,org.apache.tools.ant.taskdefs.optional.ejb.BorlandGenerateClient,163.88889,1,0,0.008000676
736,org.apache.tools.ant.taskdefs.optional.dotnet.DotnetResource,95,4,0,0.175524637
737,org.apache.tools.bzip2.CRC,4.5,2,0,0.361596009
738,org.apache.tools.ant.taskdefs.FixCRLF.AddAsisRemove,41,1,0,0.069120461
739,org.apache.tools.ant.types.selectors.BaseSelector,54.727272,15,0,3.288899175
740,org.apache.tools.ant.util.regexp.JakartaRegexpRegexp,117,0,0,0
741,org.apache.tools.ant.taskdefs.LogOutputStream,38.636364,14,0,2.372291494
742,org.apache.tools.ant.taskdefs.Ant.Reference,19.75,3,0,0.099578283
743,org.apache.tools.ant.taskdefs.optional.net.TelnetTask,179.5,0,0,0
744,org.apache.tools.ant.util.TeeOutputStream,12,4,0,0.37019529
745,org.apache.tools.ant.XmlLogger,160.14285,0,2,0
746,org.apache.tools.ant.taskdefs.Echo.EchoLevel,38,1,0,0.021265903
747,org.apache.tools.ant.taskdefs.optional.clearcase.CCMkattr,180,0,0,0
748,org.apache.tools.ant.taskdefs.optional.starteam.StarTeamList.UnmatchedListingMap,153.33333,1,0,0.013907675
749,org.apache.tools.ant.taskdefs.Tstamp.Unit,38,1,0,0.084654976
750,org.apache.tools.ant.taskdefs.optional.dotnet.DotnetBaseMatchingTask,129.5,5,0,0.186563619
751,org.apache.tools.ant.taskdefs.SubAnt,137.54546,0,2,0
752,org.apache.tools.ant.taskdefs.optional.sos.SOSCheckin,31.25,0,0,0
753,org.apache.tools.ant.types.selectors.SelectorUtils,18.285715,7,0,2.069621589
754,org.apache.tools.ant.taskdefs.optional.depend.constantpool.ConstantPoolEntry,7.8,9,0,1.715788795
755,org.apache.tools.ant.taskdefs.optional.ejb.GenericDeploymentTool,135.16667,8,0,7.250209422
756,org.apache.tools.ant.taskdefs.optional.clearcase.CCUnlock,203.14285,0,0,0
757,org.apache.tools.ant.taskdefs.Exec.StreamPumper,8.5,2,0,0.455025041
758,org.apache.tools.ant.taskdefs.Untar.UntarCompressionMethod,132,1,0,0.077567934
759,org.apache.tools.ant.helper.ProjectHelperImpl.ProjectHandler,162.4,1,0,0.033640709
760,org.apache.tools.ant.types.Mapper,107,8,2,1.644045452
761,org.apache.tools.ant.taskdefs.optional.image.Image,140.875,0,0,0
762,org.apache.tools.ant.taskdefs.optional.j2ee.ServerDeploy,122.666664,5,0,0.670659967
763,org.apache.tools.ant.types.FilterSet.Filter,173.5,2,0,6.669358928
764,org.apache.tools.ant.util.regexp.JakartaRegexpMatcher,116.5,1,0,0.052580529
765,org.apache.tools.ant.filters.ConcatFilter,82.4,0,0,0
766,org.apache.tools.ant.types.ResourceLocation,8,5,0,0.548819079
767,org.apache.tools.ant.taskdefs.ConditionTask,207.4,0,0,0
768,org.apache.tools.ant.taskdefs.optional.ide.VAJWorkspaceScanner,40.5,1,0,0.026432995
769,org.apache.tools.ant.taskdefs.optional.jsp.JspC,170.77777,3,2,0.45664393
770,org.apache.tools.ant.taskdefs.Parallel,150.8,0,0,0
771,org.apache.tools.ant.taskdefs.optional.dotnet.CSharp,14,0,0,0
772,org.apache.tools.ant.taskdefs.optional.perforce.P4Integrate,162.33333,0,0,0
773,org.apache.tools.zip.ZipOutputStream,11.571428,5,0,0.918252672
774,org.apache.tools.ant.taskdefs.optional.depend.constantpool.ConstantCPInfo,10,6,0,0.805966216
775,org.apache.tools.ant.Location,98.333336,13,0,2957.106813
776,org.apache.tools.ant.util.depend.bcel.AncestorAnalyzer,5,0,0,0
777,org.apache.tools.ant.util.WeakishReference,235,2,0,0.045589926
778,org.apache.tools.ant.taskdefs.optional.Test,240.5,0,0,0
779,org.apache.tools.ant.listener.CommonsLoggingListener,127.8,0,0,0
780,org.apache.tools.ant.taskdefs.WaitFor,207.4,0,0,0
781,org.apache.tools.ant.taskdefs.optional.depend.AntAnalyzer,8.666667,1,0,0.028834893
782,org.apache.tools.ant.types.Parameter,12.7,24,0,2.328265408
783,org.apache.tools.ant.taskdefs.optional.sitraka.bytecode.ClassPathLoader,7.75,3,0,0.081519356
784,org.apache.tools.ant.taskdefs.optional.j2ee.GenericHotDeploymentTool,89.5,2,2,0.182618617
785,org.apache.tools.ant.types.AbstractFileSet,97.35714,9,0,12.0944739
786,org.apache.tools.ant.taskdefs.rmic.RmicAdapterFactory,124.833336,1,0,0.023517882
787,org.apache.tools.ant.taskdefs.Pack,237,2,0,0.045589926
788,org.apache.tools.ant.taskdefs.Replace,180.28572,1,0,0.020287024
789,org.apache.tools.ant.taskdefs.Filter,253.6,0,0,0
790,org.apache.tools.ant.taskdefs.rmic.DefaultRmicAdapter.RmicFileNameMapper,131,1,0,0.042704008
791,org.apache.tools.ant.types.selectors.MajoritySelector,33.6,5,0,0.234730118
792,org.apache.tools.ant.taskdefs.GZip,237,0,0,0
793,org.apache.tools.ant.types.Path,76.7,86,2,228.3731891
794,org.apache.tools.ant.util.ResourceUtils,91.42857,2,0,0.058778586
795,org.apache.tools.ant.taskdefs.optional.sitraka.ReportFilters.Exclude,5.5,1,0,0.058073465
796,org.apache.tools.ant.taskdefs.Parallel.TaskRunnable,134.5,1,0,0.166692317
797,org.apache.tools.ant.taskdefs.optional.net.TelnetTask.TelnetRead,115.5,1,0,0.013907675
798,org.apache.tools.ant.helper.ProjectHelperImpl.NestedElementHandler,78.42857,2,2,0.069276092
799,org.apache.tools.ant.taskdefs.optional.ejb.IPlanetEjbcTask,204.6,0,0,0
800,org.apache.tools.ant.taskdefs.Expand,183.75,1,0,0.036589381
801,org.apache.tools.ant.taskdefs.optional.clearcase.CCLock,203.14285,0,0,0
802,org.apache.tools.ant.taskdefs.ProcessDestroyer.ProcessDestroyerImpl,2,1,0,0.177148215
803,org.apache.tools.ant.taskdefs.optional.perforce.P4Delete,162.33333,0,0,0
804,org.apache.tools.ant.taskdefs.KeySubst,353.5,0,0,0
805,org.apache.tools.ant.taskdefs.optional.j2ee.HotDeploymentTool,95,4,0,0.227662999
806,org.apache.tools.ant.types.selectors.TypeSelector,27.857143,4,0,0.201010974
807,org.apache.tools.ant.taskdefs.optional.ide.VAJAntToolGUI.PrivateEventHandler,5,1,0,0.078254043
808,org.apache.tools.ant.taskdefs.Recorder,253,0,0,0
809,org.apache.tools.ant.taskdefs.Recorder.VerbosityLevelChoices,39,1,0,0.021265903
810,org.apache.tools.ant.taskdefs.cvslib.ChangeLogWriter,8.5,1,0,0.021265903
811,org.apache.tools.ant.taskdefs.optional.net.RExecTask,179.5,0,0,0
812,org.apache.tools.ant.Task,72.28571,259,1,964.4680863
813,org.apache.tools.ant.taskdefs.optional.sitraka.bytecode.attributes.AttributeInfo,7.5,2,0,0.143567027
814,org.apache.tools.ant.taskdefs.condition.FilesMatch,137.75,1,0,0.044617254
815,org.apache.tools.ant.taskdefs.optional.clearcase.CCCheckout,203.14285,0,0,0
816,org.apache.tools.ant.taskdefs.XSLTProcess.OutputProperty,13.5,2,0,0.063606186
817,org.apache.tools.ant.util.ClasspathUtils.Delegate,118.166664,2,0,0.323096749
818,org.apache.tools.ant.taskdefs.optional.junit.JUnitResultFormatter,85.333336,7,0,0.507276941
819,org.apache.tools.ant.AntClassLoader,81.84615,20,2,40.52079528
820,org.apache.tools.ant.taskdefs.optional.perforce.P4Edit,162.33333,0,0,0
821,org.apache.tools.ant.taskdefs.email.EmailTask.Encoding,42,1,0,0.022001224
822,org.apache.tools.ant.filters.HeadFilter,18.666666,1,0,0.026994041
823,org.apache.tools.ant.types.selectors.SizeSelector.SizeComparisons,40.5,1,0,0.071892029
824,org.apache.tools.ant.util.ClasspathUtils,167.57143,2,0,0.102895197
825,org.apache.tools.ant.taskdefs.optional.net.RExecTask.RExecRead,115.5,1,0,0.013907675
826,org.apache.tools.ant.taskdefs.optional.vss.MSVSSHISTORY.BriefCodediffNofile,38,1,0,0.021265903
827,org.apache.tools.ant.taskdefs.optional.unix.Symlink,169.42857,0,0,0
828,org.apache.tools.ant.IntrospectionHelper.NestedCreator,120,2,0,0.306678781
829,org.apache.tools.ant.taskdefs.optional.dotnet.DotnetCompile,166.77777,3,0,0.24173082
830,org.apache.tools.ant.Diagnostics,156,1,0,0.029193801
831,org.apache.tools.ant.taskdefs.Exec,314.75,0,0,0
832,org.apache.tools.ant.filters.StripJavaComments,22.333334,1,0,0.026994041
833,org.apache.tools.ant.taskdefs.optional.ejb.BorlandDeploymentTool,127.23077,2,2,0.20094526
834,org.apache.tools.ant.taskdefs.optional.junit.XMLResultAggregator,177.75,0,0,0
835,org.apache.tools.ant.taskdefs.optional.dotnet.Ilasm,170.14285,0,0,0
836,org.apache.tools.ant.taskdefs.optional.starteam.StarTeamLabel,238.33333,0,0,0
837,org.apache.tools.ant.taskdefs.Chmod,131.25,0,0,0
838,org.apache.tools.ant.util.regexp.RegexpUtil,4,6,0,0.299777454
839,org.apache.tools.ant.taskdefs.XSLTProcess.Factory,10,2,0,0.098870767
840,org.apache.tools.ant.taskdefs.optional.ejb.DescriptorHandler,110.875,6,0,1.448531359
841,org.apache.tools.ant.types.selectors.SelectorScanner,41.333332,2,0,0.350402388
842,org.apache.tools.ant.taskdefs.optional.sitraka.StringUtil,4,1,0,0.14306889
843,org.apache.tools.ant.taskdefs.optional.net.TelnetTask.AntTelnetClient,198.5,4,0,0.300138608
844,org.apache.tools.ant.taskdefs.optional.ejb.EjbJar.DTDLocation,17.2,5,0,0.23268286
845,org.apache.tools.ant.filters.BaseFilterReader,75,16,2,2.067919205
846,org.apache.tools.ant.util.LazyHashtable,0,0,0,0
847,org.apache.tools.ant.taskdefs.optional.ssh.ScpToMessage,7.5,1,0,0.044509884
848,org.apache.tools.ant.helper.ProjectHelper2.RootHandler,87.6,1,0,0.137963252
849,org.apache.tools.ant.types.Substitution,125.85714,3,0,0.495261995
850,org.apache.tools.ant.taskdefs.optional.perforce.P4Submit.P4SubmitAdapter,206.25,1,0,0.028834893
851,org.apache.tools.ant.util.JAXPUtils,74.25,6,0,0.233037346
852,org.apache.tools.ant.taskdefs.optional.metamata.MParse,130.5,0,0,0
853,org.apache.tools.ant.taskdefs.optional.dotnet.NetCommand,135.91667,9,0,0.998167954
854,org.apache.tools.ant.launch.Launcher,2.5,0,0,0
855,org.apache.tools.ant.taskdefs.optional.sitraka.Filters.Exclude,2.5,1,0,0.06004987
856,org.apache.tools.zip.ZipEntry,11.5,5,0,0.91312223
857,org.apache.tools.ant.taskdefs.optional.ccm.CCMCheckout,13,0,0,0
858,org.apache.tools.ant.taskdefs.JDBCTask,179.375,1,0,0.103512784
859,org.apache.tools.ant.taskdefs.optional.metamata.MMetrics,145.25,0,2,0
860,org.apache.tools.ant.taskdefs.optional.ssh.SSHBase,212.6,2,0,0.499774243
861,org.apache.tools.ant.taskdefs.optional.IContract,173.66667,0,2,0
862,org.apache.tools.ant.taskdefs.optional.jsp.JspC.WebAppParameter,14,1,0,0.083382391
863,org.apache.tools.ant.taskdefs.MacroDef,95,2,0,0.298441493
864,org.apache.tools.ant.taskdefs.optional.PropertyFile.Entry.Operation,38,1,0,0.044187871
865,org.apache.tools.ant.taskdefs.Replace.Replacefilter,227,1,0,0.087364976
866,org.apache.tools.ant.taskdefs.Zip.Duplicate,49,1,0,0.024867287
867,org.apache.tools.ant.filters.TokenFilter.IgnoreBlank,20,2,0,0.054348089
868,org.apache.tools.ant.taskdefs.optional.ide.VAJBuildInfo,83.6,2,0,0.820118375
869,org.apache.tools.ant.types.optional.image.Draw,49.4,2,0,0.098681697
870,org.apache.tools.ant.taskdefs.optional.ejb.IPlanetEjbc,5.25,2,0,0.083747329
871,org.apache.tools.ant.taskdefs.optional.RenameExtensions,180.25,0,0,0
872,org.apache.tools.ant.taskdefs.optional.ejb.IPlanetDeploymentTool,155,1,0,0.047023355
873,org.apache.tools.ant.taskdefs.optional.starteam.StarTeamTask,178.16667,5,0,0.686828332
874,org.apache.tools.ant.filters.TokenFilter.ReplaceRegex,106.14286,2,0,0.054348089
875,org.apache.tools.ant.taskdefs.compilers.Javac12,166.85715,1,0,0.029777787
876,org.apache.tools.ant.taskdefs.optional.junit.FormatterElement,128,4,0,1.359877837
877,org.apache.tools.ant.taskdefs.optional.vss.MSVSSGET,179,0,0,0
878,org.apache.tools.ant.taskdefs.optional.pvcs.Pvcs,147.1,0,0,0
879,org.apache.tools.ant.util.TimeoutObserver,7.3333335,3,0,0.462486426
880,org.apache.tools.ant.util.regexp.Jdk14RegexpRegexp,117,0,0,0
881,org.apache.tools.ant.util.depend.AbstractAnalyzer,34.666668,3,2,0.288447161
882,org.apache.tools.ant.helper.ProjectHelperImpl.DataTypeHandler,122,1,0,0.04910455
883,org.apache.tools.ant.taskdefs.optional.ejb.EjbJar.Config,36.5,3,0,0.532796507
884,org.apache.tools.ant.types.selectors.SizeSelector.ByteUnits,40.5,1,0,0.071892029
885,org.apache.tools.ant.taskdefs.optional.depend.constantpool.DoubleCPInfo,10.5,1,0,0.109264184
886,org.apache.tools.ant.types.selectors.modifiedselector.Cache,11.5,2,0,0.200847308
887,org.apache.tools.ant.taskdefs.Available.FileDir,41.5,1,0,0.150198596
888,org.apache.tools.ant.taskdefs.optional.net.SetProxy,267.5,0,0,0
889,org.apache.tools.ant.taskdefs.LogStreamHandler,74.07692,21,0,2.862643031
890,org.apache.tools.ant.taskdefs.PathConvert,165,0,2,0
891,org.apache.tools.ant.types.selectors.DepthSelector,74.111115,5,0,0.234730118
892,org.apache.tools.ant.filters.StripLineBreaks,21,1,0,0.026994041
893,org.apache.tools.ant.taskdefs.optional.dotnet.JSharp,99.4,0,0,0
894,org.apache.tools.bzip2.CBZip2InputStream,4,2,0,0.090920854
895,org.apache.tools.ant.taskdefs.optional.jsp.WLJspc,190,0,0,0
896,org.apache.tools.ant.taskdefs.optional.junit.JUnitTestRunner,123.14286,4,0,0.363964267
897,org.apache.tools.ant.taskdefs.optional.starteam.StarTeamCheckin.CheckinMap,117.25,1,0,0.01432912
898,org.apache.tools.zip.ZipLong,6.6666665,3,0,2.32227107
899,org.apache.tools.ant.taskdefs.MacroInstance.Element,73.25,2,0,0.045211936
900,org.apache.tools.ant.taskdefs.Javadoc.DocletInfo,16,1,0,0.130208219
